{
  "project_info": {
    "project_number": "95883517013",
    "firebase_url": "https://jirmgil-8627f.firebaseio.com",
    "project_id": "jirmgil-8627f",
    "storage_bucket": "jirmgil-8627f.appspot.com"
  },
  "client": [
    {
      "client_info": {
        "mobilesdk_app_id": "1:95883517013:android:751f0f638783829f3288dc",
        "android_client_info": {
          "package_name": "com.example.myapplication"
        }
      },
      "oauth_client": [
        {
          "client_id": "95883517013-kkd4074d59pbvno9q4t9kgfeipgc2n3d.apps.googleusercontent.com",
          "client_type": 3
        }
      ],
      "api_key": [
        {
          "current_key": "AIzaSyBcNSzA2Za4ojSAPkTs6DEKZwE1tv_Y3Ww"
        }
      ],
      "services": {
        "appinvite_service": {
          "other_platform_oauth_client": [
            {
              "client_id": "95883517013-kkd4074d59pbvno9q4t9kgfeipgc2n3d.apps.googleusercontent.com",
              "client_type": 3
            }
          ]
        }
      }
    },
    {
      "client_info": {
        "mobilesdk_app_id": "1:95883517013:android:b4fd862432af4dbf3288dc",
        "android_client_info": {
          "package_name": "com.example.myapplication3"
        }
      },
      "oauth_client": [
        {
          "client_id": "95883517013-imht9bk9s2qv9ho2878efcv3qkcdvfrf.apps.googleusercontent.com",
          "client_type": 1,
          "android_info": {
            "package_name": "com.example.myapplication3",
            "certificate_hash": "4b0be3f767c3d12932dac42b57f4fd1e585cfd69"
          }
        },
        {
          "client_id": "95883517013-kkd4074d59pbvno9q4t9kgfeipgc2n3d.apps.googleusercontent.com",
          "client_type": 3
        }
      ],
      "api_key": [
        {
          "current_key": "AIzaSyBcNSzA2Za4ojSAPkTs6DEKZwE1tv_Y3Ww"
        }
      ],
      "services": {
        "appinvite_service": {
          "other_platform_oauth_client": [
            {
              "client_id": "95883517013-kkd4074d59pbvno9q4t9kgfeipgc2n3d.apps.googleusercontent.com",
              "client_type": 3
            }
          ]
        }
      }
    }
  ],
  "configuration_version": "1"
}